Date,Close,Volume
2022-01-03,401.68,40575850
2022-01-04,396.47,58027210
2022-01-05,384.29,75739850
2022-01-06,384.02,70814320
2022-01-07,379.86,72652300
2022-01-10,380.11,91770500
2022-01-11,385.82,68295700
2022-01-12,387.35,54576370
2022-01-13,377.66,77993960
2022-01-14,380.01,80121210
2022-01-18,370.55,75812300
2022-01-19,366.48,81791480
2022-01-20,361.72,88610680
2022-01-21,351.69,143388900
2022-01-24,353.3,199448100
2022-01-25,345.11,124398400
2022-01-26,344.57,146559500
2022-01-27,341.1,95255660
2022-01-28,351.8,108167900
2022-01-31,363.05,94326390
2022-02-01,365.52,74433020
2022-02-02,368.49,78777140
2022-02-03,353.55,95384770
2022-02-04,358.01,86318300
2022-02-07,355.13,58198090
2022-02-08,359.12,64720900
2022-02-09,366.73,55766420
2022-02-10,358.43,112468500
2022-02-11,347.06,101569100
2022-02-14,347.49,80254440
2022-02-15,356.13,55390810
2022-02-16,356.04,58947090
2022-02-17,345.45,61801350
2022-02-18,341.51,80001510
2022-02-22,338.08,85967100
2022-02-23,329.42,86215370
2022-02-24,340.49,130614100
2022-02-25,345.77,78842090
2022-02-28,346.8,77515540
2022-03-01,341.49,67407000
2022-03-02,347.22,70609020
2022-03-03,342.26,71089390
2022-03-04,337.3,77009760
2022-03-07,324.86,89933790
2022-03-08,323.35,116153900
2022-03-09,334.99,64723370
2022-03-10,331.27,69362710
2022-03-11,324.4,66228430
2022-03-14,318.17,79802610
2022-03-15,328.15,76470990
2022-03-16,340.32,105243000
2022-03-17,344.44,67809950
2022-03-18,351.49,85446350
2022-03-21,350.08,73799070
2022-03-22,356.96,63345930
2022-03-23,351.83,70615460
2022-03-24,359.65,53555250
2022-03-25,359.35,57584160
2022-03-28,364.91,56833870
2022-03-29,371.19,68072960
2022-03-30,367.09,68757710
2022-03-31,362.54,67011410
2022-04-01,361.85,54527760
2022-04-04,369.3,45950170
2022-04-05,361.1,62738660
2022-04-06,353.26,90077070
2022-04-07,354.1,63777370
2022-04-08,349.15,61956090
2022-04-11,340.89,66107400
2022-04-12,339.45,72790220
2022-04-13,346.35,61367760
2022-04-14,338.43,73519370
2022-04-18,338.69,58560560
2022-04-19,346.26,56515680
2022-04-20,341.21,65500020
2022-04-21,334.15,75801010
2022-04-22,325.4,82562150
2022-04-25,329.58,101755900
2022-04-26,317.14,105819600
2022-04-27,316.76,111204200
2022-04-28,328.01,99449960
2022-04-29,313.25,91977860
2022-05-02,318.48,115511800
2022-05-03,318.82,78185530
2022-05-04,329.6,116083400
2022-05-05,313.0,154607400
2022-05-06,309.25,139572800
2022-05-09,297.15,113387300
2022-05-10,300.76,124124600
2022-05-11,291.84,140326100
2022-05-12,291.15,120910900
2022-05-13,301.94,83684930
2022-05-16,298.44,59190430
2022-05-17,306.17,62715290
2022-05-18,291.14,79477110
2022-05-19,289.58,79920710
2022-05-20,288.68,91764170
2022-05-23,293.48,63648400
2022-05-24,287.24,73491120
2022-05-25,291.26,67144550
2022-05-26,299.33,59462230
2022-05-27,309.1,66985600
2022-05-31,308.28,60968330
2022-06-01,306.0,65341650
2022-06-02,314.38,59291330
2022-06-03,306.2,60914680
2022-06-06,307.22,51785010
2022-06-07,309.87,44900290
2022-06-08,307.64,38342060
2022-06-09,299.4,55900480
2022-06-10,288.84,85963460
2022-06-13,275.41,94442010
2022-06-14,275.91,64697520
2022-06-15,282.8,86051430
2022-06-16,271.39,81910300
2022-06-17,274.69,82703400
2022-06-21,281.08,51633740
2022-06-22,280.67,67472920
2022-06-23,284.85,57457800
2022-06-24,294.61,58422260
2022-06-27,292.45,54151450
2022-06-28,283.54,61867060
2022-06-29,283.8,57302730
2022-06-30,280.28,79313580
2022-07-01,282.13,56675110
2022-07-05,286.96,61829270
2022-07-06,288.8,63194720
2022-07-07,294.98,56620110
2022-07-08,295.35,59895480
2022-07-11,289.04,55273920
2022-07-12,286.24,55797090
2022-07-13,285.65,73939420
2022-07-14,286.67,63741840
2022-07-15,291.87,63818150
2022-07-18,289.4,59519580
2022-07-19,298.3,55172640
2022-07-20,303.03,67769430
2022-07-21,307.38,55049360
2022-07-22,301.99,57127720
2022-07-25,300.27,40582380
2022-07-26,294.37,50074120
2022-07-27,306.81,69304360
2022-07-28,309.81,55139940
2022-07-29,315.46,57501040
2022-08-01,315.27,46358830
2022-08-02,314.33,48676500
2022-08-03,322.89,53735730
2022-08-04,324.4,38973660
2022-08-05,321.75,53893970
2022-08-08,320.71,44066300
2022-08-09,317.08,39764220
2022-08-10,325.93,51459560
2022-08-11,324.08,45897650
2022-08-12,330.39,40928380
2022-08-15,333.06,38266610
2022-08-16,332.28,41186860
2022-08-17,328.49,47842160
2022-08-18,329.28,41937170
2022-08-19,322.86,51770570
2022-08-22,314.36,51098890
2022-08-23,314.1,39497070
2022-08-24,315.01,38057060
2022-08-25,320.58,38098260
2022-08-26,307.44,69047740
2022-08-29,304.41,48321850
2022-08-30,301.02,51184500
2022-08-31,299.27,50044040
2022-09-01,299.4,57990750
2022-09-02,295.17,64666840
2022-09-06,293.05,57005440
2022-09-07,298.97,49260380
2022-09-08,300.52,55649820
2022-09-09,307.09,56125220
2022-09-12,310.74,45905740
2022-09-13,293.7,79562170
2022-09-14,296.03,54907200
2022-09-15,291.1,65299410
2022-09-16,289.32,79920390
2022-09-19,291.05,52613830
2022-09-20,288.73,51271120
2022-09-21,283.56,82930960
2022-09-22,280.07,62757070
2022-09-23,275.51,74815190
2022-09-26,274.37,71176690
2022-09-27,274.48,69780120
2022-09-28,279.94,79652140
2022-09-29,271.87,81215960
2022-09-30,267.26,78482380
2022-10-03,273.53,61267450
2022-10-04,282.13,66696930
2022-10-05,281.98,55766320
2022-10-06,279.76,53489410
2022-10-07,269.1,71354670
2022-10-10,266.41,60392990
2022-10-11,262.75,66522510
2022-10-12,262.66,50580180
2022-10-13,268.82,112894100
2022-10-14,260.74,77244300
2022-10-17,269.35,64576450
2022-10-18,271.48,69781000
2022-10-19,270.49,53115410
2022-10-20,269.11,60605500
2022-10-21,275.42,77897690
2022-10-24,278.45,63963570
2022-10-25,284.21,59014490
2022-10-26,277.93,63898250
2022-10-27,272.87,57760300
2022-10-28,281.22,62651310
2022-10-31,277.95,47741950
2022-11-01,275.11,45895900
2022-11-02,265.68,79803140
2022-11-03,260.49,70038900
2022-11-04,264.68,78313210
2022-11-07,267.59,47333830
2022-11-08,269.54,63213790
2022-11-09,263.32,64862130
2022-11-10,282.75,99256690
2022-11-11,287.96,66961750
2022-11-14,285.44,55080050
2022-11-15,289.39,73985370
2022-11-16,285.44,48859800
2022-11-17,284.81,55462080
2022-11-18,284.82,53588630
2022-11-21,281.89,40083530
2022-11-22,285.95,41873440
2022-11-23,288.82,46389970
2022-11-25,286.92,15498800
2022-11-28,282.71,38877050
2022-11-29,280.57,35618880
2022-11-30,293.36,74718090
2022-12-01,293.72,51547330
2022-12-02,292.55,53583170
2022-12-05,287.64,41482120
2022-12-06,281.68,53937610
2022-12-07,280.53,45614250
2022-12-08,283.85,42594910
2022-12-09,282.04,47860490
2022-12-12,285.58,35732520
2022-12-13,288.65,80667680
2022-12-14,286.51,64984430
2022-12-15,276.89,60554120
2022-12-16,274.25,68300350
2022-12-19,269.75,44167920
2022-12-20,269.54,51064200
2022-12-21,273.45,46394690
2022-12-22,266.76,60278380
2022-12-23,267.36,39373580
2022-12-27,263.58,38009010
2022-12-28,260.1,47139040
2022-12-29,266.44,45893570
2022-12-30,266.28,37858280
2023-01-03,264.48,42335330
2023-01-04,265.74,47754860
2023-01-05,261.58,45396740
2023-01-06,268.8,54659740
2023-01-09,270.54,45568680
2023-01-10,272.83,35247760
2023-01-11,277.55,44077040
2023-01-12,279.05,60599950
2023-01-13,280.97,44802940
2023-01-17,281.54,36269740
2023-01-18,277.88,47754550
2023-01-19,275.15,44150440
2023-01-20,282.68,60613610
2023-01-23,288.96,52799910
2023-01-24,288.37,44875150
2023-01-25,287.73,50872020
2023-01-26,293.34,51596340
2023-01-27,296.26,56441940
2023-01-30,290.27,49405830
2023-01-31,294.62,46705110
2023-02-01,300.92,67562170
2023-02-02,311.72,83070630
2023-02-03,306.18,76170800
2023-02-06,303.59,40802350
2023-02-07,309.88,67583980
2023-02-08,304.37,56720860
2023-02-09,301.68,49137820
2023-02-10,299.7,50050100
2023-02-13,304.5,39636720
2023-02-14,306.75,64079060
2023-02-15,309.1,43427300
2023-02-16,303.3,59498630
2023-02-17,301.16,58230730
2023-02-21,294.03,46526710
2023-02-22,294.25,51389240
2023-02-23,296.82,69294440
2023-02-24,291.85,74331960
2023-02-27,293.94,48995010
2023-02-28,293.56,48243140
2023-03-01,291.2,58286970
2023-03-02,293.61,53738560
2023-03-03,299.68,60511540
2023-03-06,300.02,56736290
2023-03-07,296.34,65955760
2023-03-08,297.82,50876270
2023-03-09,292.66,71456690
2023-03-10,288.55,98593560
2023-03-13,290.69,97123600
2023-03-14,297.37,73602550
2023-03-15,298.93,83631540
2023-03-16,306.81,98556820
2023-03-17,305.36,89923730
2023-03-20,305.97,56359490
2023-03-21,310.34,49757050
2023-03-22,306.12,75791910
2023-03-23,309.75,74575980
2023-03-24,310.89,57245800
2023-03-27,308.76,50287410
2023-03-28,307.12,48585920
2023-03-29,312.72,53274270
2023-03-30,315.68,58354810
2023-03-31,320.93,62138100
2023-04-03,320.15,47126840
2023-04-04,319.07,45875380
2023-04-05,315.92,62795710
2023-04-06,318.05,46916500
2023-04-10,317.87,45134740
2023-04-11,315.83,40113590
2023-04-12,313.04,62813310
2023-04-13,319.17,54613790
2023-04-14,318.57,56278280
2023-04-17,318.84,43007020
2023-04-18,318.86,46746940
2023-04-19,318.71,38960130
2023-04-20,316.28,62462140
2023-04-21,316.61,59002290
2023-04-24,315.95,44043060
2023-04-25,309.99,57121640
2023-04-26,311.87,55400500
2023-04-27,320.35,65430390
2023-04-28,322.56,59712640
2023-05-01,322.19,41013390
2023-05-02,319.38,56519410
2023-05-03,317.29,59882070
2023-05-04,316.17,50224520
2023-05-05,322.89,51806100
2023-05-08,323.69,36465800
2023-05-09,321.64,31768800
2023-05-10,325.14,60446620
2023-05-11,326.2,44278550
2023-05-12,325.03,48432840
2023-05-15,326.79,33375560
2023-05-16,327.16,40019150
2023-05-17,331.12,47486120
2023-05-18,337.27,64213470
2023-05-19,336.51,61554930
2023-05-22,337.64,43015950
2023-05-23,333.36,48216660
2023-05-24,331.65,62891170
2023-05-25,339.72,66862770
2023-05-26,348.4,63006950
2023-05-30,349.98,72652160
2023-05-31,347.99,65105380
2023-06-01,352.01,50488600
2023-06-02,354.65,53372110
2023-06-05,354.9,47266230
2023-06-06,354.84,41390400
2023-06-07,348.82,69225940
2023-06-08,353.15,47153920
2023-06-09,354.5,53196930
2023-06-12,360.49,44817650
2023-06-13,363.26,57097800
2023-06-14,365.9,69525640
2023-06-15,370.26,71138820
2023-06-16,367.93,80931970
2023-06-20,366.9,49204720
2023-06-21,361.9,53378260
2023-06-22,366.17,47603040
2023-06-23,362.54,48922910
2023-06-26,357.68,52685480
2023-06-27,363.83,49428090
2023-06-28,364.54,46498030
2023-06-29,363.81,46150970
2023-06-30,369.42,58712500
2023-07-03,370.29,19379820
2023-07-05,370.28,34460880
2023-07-06,367.46,49374730
2023-07-07,366.24,47133750
2023-07-10,366.36,48498800
2023-07-11,368.17,38214150
2023-07-12,372.82,61703700
2023-07-13,379.15,46960010
2023-07-14,379.07,55148500
2023-07-17,382.61,40868920
2023-07-18,385.74,55343440
2023-07-19,385.65,54092960
2023-07-20,376.76,71941670
2023-07-21,375.63,60499640
2023-07-24,376.23,40380060
2023-07-25,378.78,38894380
2023-07-26,377.52,47075710
2023-07-27,376.62,63940230
2023-07-28,383.48,56902930
2023-07-31,383.68,44019910
2023-08-01,382.79,41308460
2023-08-02,374.39,72687110
2023-08-03,373.79,47855380
2023-08-04,372.04,61702760
2023-08-07,375.19,37230440
2023-08-08,372.0,44726450
2023-08-09,367.91,51150900
2023-08-10,368.59,72035270
2023-08-11,366.24,48707190
2023-08-14,370.35,42130800
2023-08-15,366.42,45539890
2023-08-16,362.54,53190530
2023-08-17,358.58,62604340
2023-08-18,358.13,61191390
2023-08-21,363.9,50696520
2023-08-22,363.38,44613510
2023-08-23,369.11,51770600
2023-08-24,361.22,66842490
2023-08-25,364.02,69960470
2023-08-28,366.76,40910020
2023-08-29,374.77,58492370
2023-08-30,376.86,41731510
2023-08-31,377.99,35730700
2023-09-01,377.59,39801180
2023-09-05,378.07,32344220
2023-09-06,374.74,42998740
2023-09-07,372.06,52060720
2023-09-08,372.58,35847360
2023-09-11,376.97,39936630
2023-09-12,372.79,41391020
2023-09-13,374.21,46300680
2023-09-14,377.27,48039390
2023-09-15,370.81,69811210
2023-09-18,370.66,36903550
2023-09-19,369.87,37621730
2023-09-20,364.54,45514190
2023-09-21,357.86,69734850
2023-09-22,357.91,51589690
2023-09-25,359.61,39167990
2023-09-26,354.21,53657750
2023-09-27,355.04,56065970
2023-09-28,358.01,56453310
2023-09-29,358.27,64829620
2023-10-02,361.26,51625050
2023-10-03,354.92,60478490
2023-10-04,359.75,54786690
2023-10-05,358.69,45897390
2023-10-06,364.7,75049120
2023-10-09,366.56,45304770
2023-10-10,368.59,46968810
2023-10-11,371.22,38215090
2023-10-12,369.93,49587940
2023-10-13,365.28,52519880
2023-10-16,369.41,44201060
2023-10-17,368.2,50999100
2023-10-18,363.37,54280490
2023-10-19,359.97,72274240
2023-10-20,354.6,72559720
2023-10-23,355.67,60665190
2023-10-24,359.13,47082080
2023-10-25,350.34,71190540
2023-10-26,343.66,78621430
2023-10-27,345.31,63476710
2023-10-30,349.2,55298540
2023-10-31,350.87,47671910
2023-11-01,356.96,58992670
2023-11-02,363.44,58162440
2023-11-03,367.71,53280460
2023-11-06,369.21,38848740
2023-11-07,372.7,50777400
2023-11-08,372.94,35663370
2023-11-09,370.07,53859420
2023-11-10,378.39,58368440
2023-11-13,377.21,40733510
2023-11-14,385.33,67792630
2023-11-15,385.62,54141390
2023-11-16,385.95,45343540
2023-11-17,386.04,46622750
2023-11-20,390.74,44536670
2023-11-21,388.47,43336990
2023-11-22,390.06,44178570
2023-11-24,389.51,15718830
2023-11-27,389.17,34139660
2023-11-28,390.19,35491120
2023-11-29,389.81,38811750
2023-11-30,388.83,52834380
2023-12-01,389.94,40490070
2023-12-04,386.32,51186940
2023-12-05,387.29,42932960
2023-12-06,385.05,41994070
2023-12-07,390.43,49593550
2023-12-08,392.17,46687530
2023-12-11,395.52,41198020
2023-12-12,398.67,39221150
2023-12-13,403.74,55408130
2023-12-14,403.39,55447810
2023-12-15,405.34,62896650
2023-12-18,407.08,46609990
2023-12-19,409.16,35711860
2023-12-20,403.08,54042440
2023-12-21,407.77,45568910
2023-12-22,408.38,34314000
2023-12-26,410.88,22722550
2023-12-27,411.5,31980480
2023-12-28,411.3,27029150
2023-12-29,409.52,42662120
2024-01-02,402.59,58026950
2024-01-03,398.33,47002800
2024-01-04,396.28,39432800
2024-01-05,396.75,44922810
2024-01-08,404.95,42473800
2024-01-09,405.75,39132860
2024-01-10,408.5,33962770
2024-01-11,409.35,54536200
2024-01-12,409.56,39594950
2024-01-16,409.52,43903030
2024-01-17,407.21,54385970
2024-01-18,412.99,59562510
2024-01-19,421.18,70325120
2024-01-22,421.73,44880640
2024-01-23,423.48,33003810
2024-01-24,425.83,46948020
2024-01-25,426.35,44367210
2024-01-26,423.81,37137030
2024-01-29,428.15,38694720
2024-01-30,425.3,36738960
2024-01-31,416.97,64010650
2024-02-01,421.88,51008620
2024-02-02,429.01,59602440
2024-02-05,428.45,39889210
2024-02-06,427.59,35846130
2024-02-07,431.99,37712660
2024-02-08,432.79,29889890
2024-02-09,437.05,36943910
2024-02-12,435.34,33203310
2024-02-13,428.55,64491670
2024-02-14,433.22,45092720
2024-02-15,434.51,38796140
2024-02-16,430.57,53716480
2024-02-20,427.32,53999450
2024-02-21,425.61,50179700
2024-02-22,438.07,53887750
2024-02-23,436.78,39853860
2024-02-26,436.55,33043240
2024-02-27,437.6,33713220
2024-02-28,435.27,32938820
2024-02-29,439.0,42495150
2024-03-01,445.61,43853030
2024-03-04,444.02,34325690
2024-03-05,436.05,57917140
2024-03-06,438.79,46234460
2024-03-07,445.45,44526670
2024-03-08,439.02,72095960
2024-03-11,437.39,45859990
2024-03-12,443.66,55300910
2024-03-13,440.25,37928690
2024-03-14,439.14,52195210
2024-03-15,433.92,73069820
2024-03-18,437.48,47323800
2024-03-19,438.57,43004110
2024-03-20,443.77,43653490
2024-03-21,445.87,39345650
2024-03-22,446.38,28253900
2024-03-25,444.76,27789150
2024-03-26,443.32,34142040
2024-03-27,444.83,41359240
2024-03-28,444.01,36839640
2024-04-01,444.95,38728950
2024-04-02,441.11,44259670
2024-04-03,442.1,39949750
2024-04-04,435.34,57267660
2024-04-05,440.47,54744630
2024-04-08,440.6,28144940
2024-04-09,442.23,39521570
2024-04-10,438.37,61502190
2024-04-11,445.37,45474550
2024-04-12,438.27,53665000
2024-04-15,431.06,63453620
2024-04-16,431.1,47618960
2024-04-17,425.84,56880540
2024-04-18,423.41,46549360
2024-04-19,414.65,75230990
2024-04-22,418.82,47807660
2024-04-23,425.07,44384740
2024-04-24,426.51,48440310
2024-04-25,424.45,57392170
2024-04-26,431.0,41874910
2024-04-29,432.75,30022160
2024-04-30,424.59,43665930
2024-05-01,421.52,52251710
2024-05-02,426.9,36559010
2024-05-03,435.48,48515250
2024-05-06,440.25,30227200
2024-05-07,440.32,30996090
2024-05-08,440.06,24896720
2024-05-09,441.02,24580120
2024-05-10,442.06,27116570
2024-05-13,443.08,22994190
2024-05-14,445.93,34478320
2024-05-15,452.9,41464650
2024-05-16,451.98,34780410
2024-05-17,451.76,35803720
2024-05-20,454.91,24474230
2024-05-21,455.8,23167720
2024-05-22,455.71,25120040
2024-05-23,453.66,40899230
2024-05-24,457.95,29669460
2024-05-28,459.68,26216820
2024-05-29,456.44,29739240
2024-05-30,451.55,30714120
2024-05-31,450.71,55941300
2024-06-03,453.13,32997470
2024-06-04,454.37,23767440
2024-06-05,463.53,33817410
2024-06-06,463.37,21966820
2024-06-07,462.96,25829720
2024-06-10,464.83,20719770
2024-06-11,468.02,22053280
2024-06-12,474.15,34532590
2024-06-13,476.72,25859010
2024-06-14,479.19,23372620
2024-06-17,485.06,37054500
2024-06-18,485.21,24438570
2024-06-20,481.47,33918680
2024-06-21,480.18,39432910
2024-06-24,473.96,37750970
2024-06-25,479.38,29250210
2024-06-26,480.37,22737110
2024-06-27,481.61,26222140
2024-06-28,479.11,34881580
2024-07-01,481.92,24898340
2024-07-02,486.98,26723560
2024-07-03,491.04,18064880
2024-07-05,496.16,28495940
2024-07-08,497.34,22109420
2024-07-09,497.77,25701250
2024-07-10,502.96,28046900
2024-07-11,491.93,49966590
2024-07-12,494.82,37109400
2024-07-15,496.15,31151390
2024-07-16,496.34,25950620
2024-07-17,481.77,56268770
2024-07-18,479.49,49347360
2024-07-19,475.24,42042860
2024-07-22,482.32,40300000
2024-07-23,480.62,23282450
2024-07-24,463.38,58818630
2024-07-25,458.27,59256760
2024-07-26,462.97,39992130
2024-07-29,463.9,28218480
2024-07-30,457.53,41317210
2024-07-31,471.07,44552130
2024-08-01,459.66,56653900
2024-08-02,448.75,66323240
2024-08-05,435.37,87483450
2024-08-06,439.53,63164430
2024-08-07,434.77,54929160
2024-08-08,448.07,47890070
2024-08-09,450.41,33573980
2024-08-12,451.38,27795010
2024-08-13,462.58,40084460
2024-08-14,462.73,34733750
2024-08-15,474.42,38280570
2024-08-16,475.03,38383620
2024-08-19,481.27,23737670
2024-08-20,480.26,29209340
2024-08-21,482.5,25658790
2024-08-22,474.85,37739580
2024-08-23,480.0,36061510
2024-08-26,475.34,27452640
2024-08-27,476.76,27510000
2024-08-28,471.35,37372440
2024-08-29,470.66,41081470
2024-08-30,476.27,33466470
2024-09-03,461.81,44985220
2024-09-04,460.61,32505100
2024-09-05,461.04,34452390
2024-09-06,448.69,50624390
2024-09-09,454.46,32981170
2024-09-10,458.66,29680320
2024-09-11,468.62,57842990
2024-09-12,473.22,40175460
2024-09-13,475.34,29111850
2024-09-16,473.24,22585600
2024-09-17,473.49,30084440
2024-09-18,471.44,39909220
2024-09-19,483.36,52782520
2024-09-20,482.44,34577660
2024-09-23,483.04,24842970
2024-09-24,485.37,25952640
2024-09-25,485.82,26549870
2024-09-26,489.47,32020210
2024-09-27,486.75,22851120
2024-09-30,488.07,30330610
2024-10-01,481.27,42735420
2024-10-02,481.95,23744050
2024-10-03,481.59,25337220
2024-10-04,487.32,30744910
2024-10-07,482.1,24975120
2024-10-08,489.3,28272020
2024-10-09,493.15,24994950
2024-10-10,492.59,25750450
2024-10-11,493.36,20644500
2024-10-14,497.5,26060150
2024-10-15,490.85,34784510
2024-10-16,490.91,22996780
2024-10-17,491.25,27210660
2024-10-18,494.47,25335030
2024-10-21,495.42,30336550
2024-10-22,495.96,26685840
2024-10-23,488.36,39346570
2024-10-24,492.32,22024930
2024-10-25,495.32,38762140
2024-10-28,495.4,20477780
2024-10-29,500.16,28014060
2024-10-30,496.38,29755960
2024-10-31,483.85,41245250
2024-11-01,487.43,33655760
2024-11-04,486.01,23291580
2024-11-05,492.21,24353620
2024-11-06,505.58,43082200
2024-11-07,513.54,32853120
2024-11-08,514.14,22924480
2024-11-11,513.84,24167480
2024-11-12,512.91,25835290
2024-11-13,512.25,24567420
2024-11-14,508.69,28679520
2024-11-15,496.57,51461050
2024-11-18,500.02,27192660
2024-11-19,503.46,24523020
2024-11-20,503.17,29565490
2024-11-21,504.98,34526740
2024-11-22,505.79,23826640
2024-11-25,506.59,26375170
2024-11-26,509.31,26557060
2024-11-27,505.3,24957440
2024-11-29,509.74,15333970
2024-12-02,515.29,25147170
2024-12-03,516.87,18597900
2024-12-04,523.26,26086220
2024-12-05,521.81,18169630
2024-12-06,526.48,23762610
2024-12-09,522.38,20674410
2024-12-10,520.6,24350040
2024-12-11,529.92,32168580
2024-12-12,526.5,23577500
2024-12-13,530.53,28780410
2024-12-16,538.17,31979860
2024-12-17,535.8,28579070
2024-12-18,516.47,54703160
2024-12-19,514.17,46441750
2024-12-20,518.66,60529960
2024-12-23,522.87,29672800
2024-12-24,529.96,17558220
2024-12-26,529.6,19141490
2024-12-27,522.56,33839560
2024-12-30,515.61,34584030
2024-12-31,511.23,29117030
2025-01-02,510.23,36389780
2025-01-03,518.58,29059520
2025-01-06,524.54,36109730
2025-01-07,515.18,36690270
2025-01-08,515.27,30777780
2025-01-10,507.19,40532500
2025-01-13,505.56,31694210
2025-01-14,505.08,33737240
2025-01-15,516.7,34957550
2025-01-16,513.08,28229040
2025-01-17,521.74,51837940
2025-01-21,524.8,23627970
2025-01-22,531.51,33592990
2025-01-23,532.64,23096590
2025-01-24,529.63,19878250
2025-01-27,514.21,60771700
2025-01-28,521.81,33194210
2025-01-29,520.83,26649010
2025-01-30,523.05,27431300
2025-01-31,522.29,38845470
2025-02-03,518.11,40580840
2025-02-04,524.47,26046750
2025-02-05,526.85,21134070
2025-02-06,529.6,19434450
2025-02-07,522.92,29605470
2025-02-10,529.25,20852780
2025-02-11,527.99,19325500
2025-02-12,528.3,25009360
2025-02-13,535.9,28714800
2025-02-14,538.15,17862570
2025-02-18,539.37,20565030
2025-02-19,539.52,19666860
2025-02-20,537.23,26550750
2025-02-21,526.08,47093750
2025-02-24,519.87,39268390
2025-02-25,513.32,48940030
2025-02-26,514.56,34457620
2025-02-27,500.27,52447970
2025-02-28,508.17,47654040
2025-03-03,497.05,44587200
2025-03-04,495.55,67875400
2025-03-05,502.01,46323730
2025-03-06,488.2,57574330
2025-03-07,491.79,54714730
2025-03-10,472.73,76668030
2025-03-11,471.6,68760770
2025-03-12,476.92,46971080
2025-03-13,468.34,46563350
2025-03-14,479.66,43563010
2025-03-17,482.77,41744350
2025-03-18,474.54,39072270
2025-03-19,480.89,40430330
2025-03-20,479.26,36780550
2025-03-21,480.84,42234870
2025-03-24,490.66,34567190
2025-03-25,493.46,26035240
2025-03-26,484.38,35043360
2025-03-27,481.62,33469820
2025-03-28,468.94,46363800
2025-03-31,468.92,53000300
2025-04-01,472.7,41156230
2025-04-02,476.15,49894490
2025-04-03,450.66,70456340
2025-04-04,422.67,117088400
2025-04-07,423.69,161557000
2025-04-08,416.06,101248100
2025-04-09,466.0,142876900
2025-04-10,446.18,108384100
2025-04-11,454.4,52483780
2025-04-14,457.48,43941180
2025-04-15,457.99,35404210
2025-04-16,444.18,48980550
2025-04-17,444.1,44837050
2025-04-21,433.11,44149310
2025-04-22,444.48,52304390
2025-04-23,454.56,55801140
2025-04-24,467.35,45956140
2025-04-25,472.56,38697060
2025-04-28,472.41,33550780
2025-04-29,475.53,30613120
2025-04-30,475.47,46810610
2025-05-01,481.68,43316540
2025-05-02,488.83,39218080
2025-05-05,485.93,28309490
2025-05-06,481.41,32786310
2025-05-07,483.3,38109860
2025-05-08,488.29,39577590
2025-05-09,487.97,27767420
2025-05-12,507.85,45090620
2025-05-13,515.59,53269570
2025-05-14,518.68,47014520
2025-05-15,519.25,50153280
2025-05-16,521.51,48394600
2025-05-19,522.01,52536150
2025-05-20,520.27,42517560
2025-05-21,513.04,71292830
2025-05-22,514.0,55607170
2025-05-23,509.24,58368080
2025-05-27,521.22,47226320
2025-05-28,518.91,46637180
2025-05-29,519.93,58724070
2025-05-30,519.11,67662840
2025-06-02,523.21,44762820
2025-06-03,527.3,44070330
2025-06-04,528.77,41359320
2025-06-05,524.79,61286620
2025-06-06,529.92,42467020
2025-06-09,530.7,33688670
2025-06-10,534.21,40664800
2025-06-11,532.41,53701030
2025-06-12,533.66,34104890
2025-06-13,526.96,55814440
2025-06-16,534.29,37622050
2025-06-17,529.08,42180870
2025-06-18,528.99,43983520
2025-06-20,526.83,61643520
2025-06-23,531.65,50666150
2025-06-24,539.78,45441980
2025-06-25,541.16,44804170
2025-06-26,546.22,43811430
2025-06-27,548.09,57577150
2025-06-30,551.64,45548740
2025-07-01,546.99,56166740
2025-07-02,550.8,36538280
2025-07-03,556.22,26443520
2025-07-07,552.03,45349320
2025-07-08,552.34,36153260
2025-07-09,556.25,43045530
2025-07-10,555.45,34710910
2025-07-11,554.2,39618640
2025-07-14,556.21,36453310
2025-07-15,556.72,43277660
2025-07-16,557.29,52314710
2025-07-17,561.8,40423780
2025-07-18,561.26,50484700
2025-07-21,564.17,39595210
2025-07-22,561.25,43270650
2025-07-23,563.81,40215260
2025-07-24,565.01,42275540
2025-07-25,566.37,30630810
2025-07-28,568.14,31498740
2025-07-29,567.26,45463320
2025-07-30,568.02,43433780
2025-07-31,565.01,64613590
2025-08-01,553.88,69400790
2025-08-04,564.1,47669750
2025-08-05,560.27,48666640
2025-08-06,567.32,41823680
2025-08-07,569.24,44462970
2025-08-08,574.55,35255470
2025-08-11,572.85,33112920
2025-08-12,580.05,42271440
2025-08-13,580.34,41209290
2025-08-14,579.89,45425040
2025-08-15,577.34,49480160
2025-08-18,577.11,29830960
2025-08-19,569.28,53752640
2025-08-20,565.9,76781090
2025-08-21,563.28,46436900
2025-08-22,571.97,51502130
2025-08-25,570.32,34044750
2025-08-26,572.61,34103010
2025-08-27,573.49,36927140
2025-08-28,577.08,46787860
2025-08-29,570.4,56030410
2025-09-02,565.62,65876770
2025-09-03,570.07,54230210
2025-09-04,575.23,47526280
2025-09-05,576.06,68342530
2025-09-08,578.87,46371350
2025-09-09,580.51,44007590
2025-09-10,580.7,49307960
2025-09-11,584.08,44745770
2025-09-12,586.66,50745890
2025-09-15,591.68,44360320
2025-09-16,591.18,36942130
2025-09-17,590.0,69384820
2025-09-18,595.32,61069290
2025-09-19,599.35,58196110
2025-09-22,602.2,57154770
2025-09-23,598.2,64635490
2025-09-24,596.1,49850300
2025-09-25,593.53,70920210
2025-09-26,595.97,54337420
2025-09-29,598.73,48332930
2025-09-30,600.37,46533810
2025-10-01,603.25,46899610
2025-10-02,605.73,43765410
2025-10-03,603.18,46482100
2025-10-06,607.71,41962120
2025-10-07,604.51,58209460
2025-10-08,611.44,50629750
2025-10-09,610.7,45550960
2025-10-10,589.5,97614780
2025-10-13,602.01,65872580
2025-10-14,598.0,69203190
2025-10-15,602.22,62805460
2025-10-16,599.99,70981960
2025-10-17,603.93,72024870
2025-10-20,611.54,45761700
2025-10-21,611.38,44538160
2025-10-22,605.49,61478800
2025-10-23,610.58,42844300
2025-10-24,617.1,47632470
2025-10-27,628.09,54098610
2025-10-28,632.92,61195730
2025-10-29,635.77,67422810
2025-10-30,626.05,61628620
2025-10-31,629.07,66305150
2025-11-03,632.08,37154310
2025-11-04,619.25,63830770
2025-11-05,623.28,48688480
2025-11-06,611.67,72115130
2025-11-07,609.74,81835390
2025-11-10,623.23,55919930
2025-11-11,621.57,44868840
2025-11-12,621.08,47444380
2025-11-13,608.4,71333630
2025-11-14,608.86,80087290
2025-11-17,603.66,63850370
2025-11-18,596.31,83327280
2025-11-19,599.87,73111490
2025-11-20,585.67,117743200
2025-11-21,590.07,103344200
2025-11-24,605.16,60168150
2025-11-25,608.89,57560870
2025-11-26,614.27,42393600
2025-11-28,619.25,23034390
2025-12-01,617.17,40957590
2025-12-02,622.0,54541830
2025-12-03,623.52,47841630
2025-12-04,622.94,47067750
2025-12-05,625.48,53614170
2025-12-08,624.28,43462410
2025-12-09,625.05,37156000
2025-12-10,627.61,55031380
2025-12-11,625.58,58272840
2025-12-12,613.62,75158730
2025-12-15,610.54,49538200
2025-12-16,611.75,55152820
2025-12-17,600.41,70654330
2025-12-18,609.11,78875820
2025-12-19,617.05,60369830
2025-12-22,619.21,43703100
2025-12-23,622.11,41120450
2025-12-24,623.93,18468710
2025-12-26,623.89,28959780
2025-12-29,620.87,32458310
2025-12-30,619.43,31226750
2025-12-31,614.31,40746530
